id,nome,data_nascimento
1,Agatha Barbosa,1961-01-07
2,Nathan Pinto,1998-01-08
3,Renan Aragão,1979-01-05
4,Kevin Rezende,1978-10-21
5,Bruna Barros,1966-11-05
6,Sra. Evelyn Silva,1969-04-21
7,Isabella Farias,1993-04-06
8,Daniel Rezende,2002-07-01
9,João Lucas da Mata,1964-12-30
10,Joana Nunes,1977-12-22
11,Renan Alves,1963-05-31
12,Alícia Sales,1981-09-09
13,Julia da Rocha,1985-04-07
14,Guilherme da Cunha,1991-02-18
15,Matheus Nogueira,1982-12-30
16,João Gabriel Cunha,1994-05-18
17,Vitor Mendes,1960-01-13
18,Srta. Fernanda Melo,1998-09-15
19,Evelyn das Neves,1980-03-28
20,Dra. Isabella Aragão,1976-09-16
21,Maria Julia Campos,1991-09-06
22,Gustavo Viana,1972-10-14
23,Luiz Otávio Teixeira,1977-04-22
24,Srta. Brenda da Costa,2001-12-25
25,Ana Melo,1961-08-20
26,Dr. Bernardo Dias,1966-05-20
27,Matheus Cardoso,1977-03-19
28,Isis Nogueira,1993-05-26
29,Stephany Cavalcanti,1977-10-11
30,Davi Rocha,1988-08-28
31,Dr. Vinicius Fogaça,1984-03-27
32,Alice da Rocha,1973-08-14
33,Matheus da Mota,1984-07-28
34,Joana Melo,1983-08-10
35,Enrico Fogaça,1980-08-10
36,Maria da Rocha,1984-10-06
37,Calebe Aragão,1960-10-20
38,Letícia Ramos,1963-08-09
39,Sophie Martins,1998-12-11
40,Rebeca Carvalho,2001-12-26
41,Gustavo das Neves,1971-03-23
42,Nicolas Ribeiro,1960-10-29
43,Benjamin Teixeira,1992-02-20
44,Mariana Gonçalves,1961-01-18
45,Sra. Brenda da Luz,1983-02-06
46,Rafael Dias,1993-04-04
47,Benício Cavalcanti,1982-09-29
48,Alexandre Viana,2003-02-06
49,Emanuel Cunha,1979-01-12
50,Eloah Freitas,1980-11-11
51,Dr. Davi Luiz Moraes,1996-06-01
52,Heitor Vieira,1977-02-26
53,Heitor Dias,1992-03-01
54,Fernanda da Cunha,1969-09-19
55,Ryan da Mota,1988-01-23
56,João Gabriel Ribeiro,1964-11-18
57,Lorenzo Souza,1960-06-04
58,Isabel Pereira,1975-08-26
59,Lívia Silveira,1978-03-30
60,Isis das Neves,1990-08-13
61,Maria Luiza Farias,1985-05-29
62,Mariane Cardoso,2003-11-10
63,Pedro Miguel Almeida,1982-07-10
64,Gustavo Henrique da Mata,1999-02-18
65,Miguel Campos,1960-06-23
66,Levi Moura,1983-09-28
67,Sr. Murilo da Luz,1967-12-05
68,Vicente Barros,1983-06-17
69,Enzo Mendes,1983-11-10
70,Lucas Souza,1986-01-26
71,Marina Freitas,2002-12-09
72,Alícia Novaes,1962-07-21
73,Ana Carolina Duarte,1986-11-08
74,Manuela Martins,1984-08-03
75,Thomas Cavalcanti,1982-09-20
76,Felipe Araújo,1969-08-05
77,Erick da Costa,1961-06-12
78,Dr. Bryan Duarte,1988-01-19
79,Lorenzo Martins,1968-08-17
80,Sr. Raul Caldeira,1976-06-05
81,Francisco Oliveira,1973-06-20
82,Gustavo Henrique Cardoso,1965-05-21
83,Júlia da Rosa,1963-08-27
84,Maria Alice da Costa,1967-04-11
85,Sr. Lorenzo Caldeira,1984-07-06
86,Davi Ramos,1998-11-22
87,Dr. João Pedro Gonçalves,1982-10-30
88,Bernardo Castro,1969-07-18
89,Luiz Miguel da Rocha,1978-05-16
90,Marcela Ferreira,1968-10-01
91,Samuel Pinto,1962-06-24
92,Luiz Miguel Jesus,1996-08-26
93,Alexia Moreira,1994-06-25
94,Diego Costa,1984-12-07
95,Maysa Costa,1992-02-06
96,Leonardo Cardoso,1965-07-01
97,Heloísa da Mata,1991-08-21
98,Renan da Luz,2003-01-20
99,Maria Luiza Cardoso,1971-06-03
100,Marcos Vinicius Araújo,1981-12-14
101,Mariane Porto,1960-11-04
102,Maria Luiza Lima,1985-02-28
103,Mariana das Neves,1969-01-11
104,Ian Pires,1982-12-02
105,Eduarda Silva,1998-08-31
106,Sr. Luigi das Neves,1989-10-17
107,Sophie da Mata,1984-04-01
108,Sr. Enzo da Costa,1975-03-02
109,Sofia Rezende,1988-06-28
110,Elisa Peixoto,1980-03-11
111,Brenda Barros,1987-06-26
112,Luiza Fogaça,1983-08-23
113,Leandro Almeida,1998-12-05
114,Kaique Carvalho,1971-03-21
115,Nina Mendes,1990-10-23
116,Fernanda da Rocha,2003-04-03
117,Kaique da Cruz,1977-02-09
118,Lucca Pinto,1978-02-05
119,Valentina Peixoto,19630308
120,Lucca Carvalho,1963-03-01
121,Carlos Eduardo Mendes,1986-12-24
122,Emanuelly Mendes,1976-03-19
123,Kaique Farias,1967-04-29
124,Gabriela Lima,1998-04-27
125,Brenda Costela,1988-11-16
126,Vicente Moreira,1979-08-15
127,Theo Correia,1981-02-23
128,Gabriela Mendes,2002-08-04
129,Brenda Nunes,1976-08-09
130,Sra. Ana Lívia Barbosa,1984-12-03
131,Alice Castro,1976-03-22
132,Yasmin Caldeira,1985-03-24
133,Evelyn Teixeira,1971-11-23
134,Catarina Viana,1971-03-03
135,Leandro Ramos,1999-04-24
136,Srta. Juliana Barbosa,1984-07-28
137,Maria Clara da Costa,1990-04-30
138,Marina Santos,1900-01-09
139,Vitor Gabriel Carvalho,1992-06-14
140,Maitê Rodrigues,1980-12-17
141,Ian Rezende,1997-01-17
142,João Gabriel Gonçalves,1984-02-13
143,Clarice Costela,1971-10-11
144,Erick Cavalcanti,1994-05-17
145,Esther Fogaça,1984-12-06
146,Melissa Fernandes,1976-06-11
147,Alexandre Silveira,1984-02-07
148,Heloísa Moraes,1979-06-24
149,Dr. João Lucas da Mata,1975-08-27
150,Pietra Freitas,1996-04-02
151,João Miguel Barbosa,2003-04-17
152,Murilo Porto,1995-09-17
153,Heitor Martins,1980-07-12
154,Maitê Santos,1960-07-12
155,Vitor Dias,1971-09-06
156,Srta. Larissa Caldeira,1970-02-08
157,Lorenzo Teixeira,1970-02-15
158,Eloah da Mata,1985-03-20
159,Cauê Correia,1966-04-20
160,Marcos Vinicius Cardoso,1976-08-02
161,Levi Silva,1981-04-18
162,Luiza Cardoso,1992-04-01
163,Eduarda Ferreira,1998-07-21
164,Isabel Lima,1965-02-03
165,Ana Julia Lopes,1979-05-28
166,Felipe da Costa,1973-08-11
167,Evelyn Moura,1982-06-24
168,Juan da Luz,1982-02-09
169,Stephany Souza,1960-03-18
170,Pedro Miguel da Mata,1975-05-10
171,Anthony Carvalho,1973-05-26
172,Maria Sophia Monteiro,1960-08-11
173,Davi Lopes,1987-07-21
174,Levi Cavalcanti,1976-05-28
175,Milena Lima,1995-05-04
176,Sr. Davi Lucca Pereira,2000-08-21
177,Gabrielly Oliveira,1998-10-09
178,Nicole Gomes,1966-10-08
179,João Gabriel Pereira,1969-12-14
180,Yuri Moura,1995-05-04
181,Kevin Souza,1966-05-16
182,Nicole Fogaça,1989-02-06
183,Renan Farias,1984-09-16
184,Miguel Aragão,1974-06-14
185,Alexandre da Costa,1969-08-29
186,Caroline Moreira,2000-04-20
187,Rafael Peixoto,1970-06-17
188,Kaique Cavalcanti,1986-02-07
189,João Lucas Almeida,1964-05-06
190,Sr. Bruno Monteiro,1964-12-25
191,Davi Lucas Pereira,1980-11-20
192,Maria Oliveira,1963-11-19
193,Maria Eduarda Alves,1997-07-06
194,Antônio Cardoso,1961-12-22
195,Samuel Mendes,2001-01-17
196,Srta. Amanda Alves,1980-12-03
197,Luana Araújo,1995-10-21
198,João Guilherme Nascimento,1973-12-20
199,Gustavo Fernandes,1967-05-11
200,Laura Souza,1967-09-05
201,Cauê Porto,1968-12-08
202,Bruno Moreira,19801207
203,João Miguel Ferreira,2002-07-16
204,Valentina Rodrigues,2003-08-31
205,Ana Laura Melo,1978-08-01
206,Luigi Sales,1991-09-28
207,Lorena Correia,1990-03-20
208,Davi Lucas Costela,1977-03-23
209,Gabriel da Mata,1974-04-28
210,Raul Cardoso,1990-06-14
211,Elisa Gomes,1977-03-31
212,Dr. Augusto Pereira,1972-05-30
213,Helena Silva,1993-11-02
214,Clara Lopes,1967-01-25
215,Alana Rocha,1992-01-09
216,Caio Cunha,1973-12-08
217,Laís Lopes,1983-07-08
218,Anthony Barbosa,1969-01-25
219,Valentina Campos,1981-08-05
220,Samuel Melo,1986-05-31
221,Luiz Fernando Oliveira,1968-02-04
222,Fernando Monteiro,1997-07-07
223,Dr. Diego Porto,1991-08-19
224,Luiz Miguel Barbosa,2000-09-21
225,Sarah da Conceição,1960-03-23
226,Luna das Neves,1980-03-26
227,Dr. Matheus Moura,1971-06-30
228,Enzo Ribeiro,1998-12-21
229,Sra. Mariane Ferreira,1986-09-20
230,Danilo Pires,1992-03-04
231,Elisa da Costa,2001-05-09
232,Arthur Ribeiro,1982-09-17
233,Leandro Campos,1999-09-26
234,Brenda Campos,1980-10-13
235,Emanuella Azevedo,1974-08-27
236,Sra. Valentina Monteiro,1991-03-14
237,Sr. Daniel Viana,1964-08-20
238,Ana Vitória Freitas,1997-04-06
239,Henrique Azevedo,1968-01-14
240,Elisa Gomes,1985-04-26
241,Davi Luiz Rocha,2003-06-28
242,Cecília da Rocha,2003-12-06
243,Dra. Bárbara Teixeira,1990-11-08
244,Anthony da Mata,1980-10-11
245,Sra. Sophia Araújo,1993-01-27
246,Dr. Davi Lucca Ribeiro,1995-04-26
247,Srta. Maria Cecília Pires,1987-12-02
248,Luiz Felipe Silva,1981-01-31
249,Marcos Vinicius Pires,1994-05-31
250,Isabel Porto,1966-11-17
251,Yuri das Neves,1998-01-11
252,Benjamin Dias,1972-09-23
253,Maria Alice Rodrigues,1993-01-11
254,Marina da Mota,1981-12-26
255,Eloah Ramos,1985-07-02
256,Maria Eduarda Alves,1967-11-27
257,Davi Lucas da Cruz,1980-06-04
258,Helena das Neves,1988-01-07
259,Dra. Milena Almeida,1991-11-25
260,Joana da Luz,1981-06-12
261,Sra. Ana Sophia Teixeira,1964-06-07
262,Davi Lucas Correia,1975-05-20
263,Fernando Silva,1965-06-24
264,Paulo Moreira,1984-02-13
265,Fernanda da Conceição,1996-12-18
266,Sofia Correia,1992-09-18
267,Sra. Maria Luiza Rodrigues,1981-09-13
268,Natália Duarte,1968-09-18
269,Kamilly Cavalcanti,2002-12-20
270,Gustavo Henrique Ferreira,1989-08-08
271,Sr. Henrique Moreira,1978-01-16
272,Vitória Nascimento,1995-09-18
273,João Felipe Cunha,1969-07-10
274,Maria Vitória Pereira,1968-03-12
275,Dra. Heloísa da Cunha,1981-08-09
276,Sr. Arthur Almeida,1961-10-26
277,Clara Barbosa,1965-03-25
278,Sra. Valentina das Neves,1962-07-14
279,Pedro Lucas Nascimento,1965-12-16
280,Guilherme Nascimento,1960-08-05
281,Alice das Neves,1990-08-30
282,Sabrina Silva,1985-08-11
283,Thiago Pinto,1961-08-22
284,Maria Luiza Fernandes,1974-11-29
285,Dra. Maria Cecília Silveira,1984-11-10
286,Sr. Levi Teixeira,1981-08-25
287,Joaquim Aragão,1995-03-17
288,Murilo Correia,1962-02-18
289,Thales Aragão,1963-05-31
290,Ana Vitória Lima,1991-08-13
291,Alice Moreira,1985-04-11
292,João Pedro da Cruz,2001-01-21
293,Srta. Laís Ribeiro,1976-09-01
294,Isaac Freitas,1993-09-29
295,Nina Santos,1974-03-18
296,Davi Lucca Porto,1969-01-29
297,João Gabriel Barbosa,1993-02-28
298,Srta. Isadora Mendes,1971-02-14
299,Alícia Pereira,2002-03-31
300,Marcos Vinicius Almeida,2002-04-24
301,Kamilly Castro,1964-12-21
302,Emilly da Cruz,1997-05-06
303,Dra. Gabrielly Silveira,1971-01-18
304,Clarice das Neves,1972-10-07
305,Igor Araújo,1978-09-29
306,Eduardo Nunes,1992-02-01
307,Eduardo Rocha,1976-12-19
308,Lívia Moura,1992-05-03
309,Paulo Campos,1970-09-10
310,Pedro Lucas Alves,1998-09-23
311,Ana Laura Castro,1977-09-28
312,Isaac da Costa,1973-02-28
313,Agatha das Neves,1971-09-24
314,Gabrielly Azevedo,1995-07-21
315,Sophie Fernandes,1977-01-09
316,Luiza Araújo,1992-09-25
317,Luigi Fogaça,1976-03-30
318,Rodrigo Caldeira,1993-09-29
319,Sra. Lavínia Barbosa,1971-02-11
320,João Felipe Costela,1968-02-15
321,Gabriel Pereira,2000-01-12
322,Dr. Lucas Gabriel Caldeira,1962-08-04
323,Sr. Luiz Miguel Jesus,1974-03-30
324,Nicole da Mata,1960-04-26
325,Catarina Nunes,2002-02-19
326,Emanuelly da Mota,1973-02-22
327,Ana Luiza Cunha,1986-06-23
328,André Ribeiro,1980-11-04
329,Maria Luiza Viana,1962-04-29
330,Julia Rezende,1993-08-19
331,Srta. Kamilly Caldeira,1992-12-13
332,Kamilly Carvalho,1972-04-06
333,Dr. Luiz Gustavo da Rosa,1979-01-05
334,Nina Peixoto,1993-01-05
335,Caio da Mota,1993-09-15
336,Caroline Nascimento,1970-08-21
337,Joana Castro,1973-12-22
338,Nathan Azevedo,1963-11-11
339,Thiago Vieira,1985-03-30
340,Dr. Lucca Jesus,1966-10-09
341,Daniela Moreira,1967-10-06
342,Maitê Rodrigues,1998-08-15
343,Isabel Jesus,1980-11-27
344,Dra. Maria Alice Cavalcanti,19960223
345,Noah Gonçalves,1997-03-24
346,Carlos Eduardo Ribeiro,2000-11-22
347,Nicolas Barbosa,1989-01-12
348,Renan Mendes,2001-08-22
349,Alexandre Moraes,1982-01-23
350,Maria Sophia Rezende,1962-02-11
351,Mariane Novaes,1982-06-16
352,Fernando das Neves,1970-04-19
353,Lorenzo da Paz,1987-01-16
354,Antônio Correia,1977-07-10
355,Ana Lívia Aragão,2003-03-24
356,Benício Araújo,2002-07-04
357,Ana Vitória Caldeira,1998-10-12
358,Maria Julia Farias,2000-02-05
359,Kamilly Castro,1969-03-17
360,Joana da Conceição,1960-12-13
361,Sr. Noah Nascimento,1964-03-17
362,Rafael Barbosa,1973-01-26
363,Maria Pinto,1963-08-18
364,Sr. Luiz Otávio Gonçalves,1999-01-11
365,Davi Luiz Barbosa,1967-09-09
366,João Gabriel da Rocha,1982-10-29
367,Melissa Aragão,1996-03-16
368,Ian Nogueira,1977-08-31
369,Daniela Monteiro,1966-05-09
370,Elisa Barbosa,1989-06-01
371,Sofia Campos,1982-01-16
372,Pietro Almeida,1964-11-29
373,Isadora da Rosa,1965-08-17
374,João Pedro Gonçalves,2002-11-14
375,Matheus Oliveira,1976-06-18
376,Vitória Nogueira,1972-03-24
377,Ana Vitória Lopes,1963-07-20
378,Lucas Gabriel Viana,1963-10-19
379,Stella Barros,1960-06-06
380,Vitor Monteiro,1999-11-13
381,Brenda Pires,1963-09-26
382,Fernanda da Cruz,1985-12-29
383,Júlia Souza,1965-04-15
384,Davi Lucca Freitas,1977-02-20
385,Raquel Moura,1971-04-11
386,Otávio Lima,1984-05-29
387,Pietra Ramos,1986-11-30
388,Carlos Eduardo Lima,1983-12-11
389,Giovanna Aragão,1979-11-20
390,Theo das Neves,1976-05-03
391,Heloísa Costa,1964-03-11
392,Gustavo Henrique da Costa,1987-08-07
393,Olivia Fernandes,1998-07-28
394,Bernardo Mendes,2001-10-04
395,Benício Castro,1960-12-05
396,Ana Julia Peixoto,1968-05-26
397,Melissa Monteiro,1964-02-26
398,Paulo Barros,1973-07-27
399,Rodrigo Caldeira,1998-08-11
400,Dr. Erick Pires,2002-03-23
401,Gustavo Dias,1961-08-19
402,Natália Nunes,1964-12-08
403,João Silva,1989-06-03
404,João Lucas Moreira,1963-05-08
405,Luiz Fernando Nogueira,1985-09-03
406,Srta. Ana Aragão,1999-09-19
407,Dr. Miguel Moraes,1977-12-05
408,Daniela da Conceição,1981-11-26
409,Lara Pinto,1977-03-21
410,Danilo Rocha,1995-07-17
411,Gabrielly Duarte,1991-11-22
412,Lucas da Mata,1984-06-20
413,Thales das Neves,1965-08-24
414,Isadora Moraes,1965-08-24
415,Agatha da Costa,1990-05-03
416,Emanuelly Castro,1985-04-07
417,Larissa Freitas,2000-10-19
418,Maria Eduarda da Cruz,1992-04-09
419,Stella Peixoto,1969-10-08
420,Bernardo Nogueira,1981-04-07
421,Isaac Carvalho,2000-05-22
422,Juan da Paz,1963-08-14
423,Natália Costa,2000-10-11
424,Vitor Gabriel Alves,1962-01-06
425,Emanuella da Conceição,1988-05-12
426,Sophia Pinto,1965-05-14
427,Ana Beatriz Lopes,1985-04-26
428,Isabelly Correia,1961-07-17
429,Nicole Monteiro,1974-11-30
430,Nicolas Pereira,1994-11-22
431,Maria Sophia Caldeira,1979-09-02
432,Maria Clara Rocha,1964-02-20
433,Dra. Catarina Teixeira,1974-06-03
434,Ana Júlia da Mota,2002-02-24
435,Fernando Silveira,1982-05-31
436,Vitor Hugo Castro,1980-04-21
437,Maria Alice Ferreira,1990-06-15
438,Maria Vitória da Costa,1995-11-25
439,Igor da Rosa,1988-02-13
440,Caio Ferreira,1995-06-18
441,Dra. Raquel Cunha,1970-03-31
442,Marcelo Azevedo,1974-09-09
443,Sophie Ramos,1975-09-16
444,Emilly Novaes,1970-07-01
445,Alice Azevedo,1971-07-17
446,Amanda Porto,1965-06-06
447,Juan Teixeira,1972-01-14
448,Diego Almeida,1973-09-10
449,Ana Júlia Cavalcanti,1985-04-12
450,Milena Pires,1988-09-05
451,Ana Beatriz Fernandes,1961-04-26
452,Maria Fernanda Almeida,1963-09-08
453,Benício Gonçalves,1978-05-22
454,Bruna Ramos,1979-05-16
455,Nina Silva,1983-12-27
456,Emanuella Dias,1988-03-16
457,Srta. Esther da Rocha,1993-03-30
458,Joana Moura,1974-05-11
459,Arthur da Paz,1982-10-16
460,Larissa Araújo,1991-01-11
461,Lucas Gabriel Peixoto,1992-11-18
462,Augusto Dias,1985-04-13
463,Enzo Gabriel da Mata,1972-01-28
464,Lucas Gomes,1970-01-18
465,Bianca Cardoso,1996-09-17
466,Levi Gomes,1999-12-03
467,Fernanda Almeida,1975-03-29
468,Gabrielly das Neves,1980-09-29
469,Rebeca Rodrigues,1981-10-08
470,Bianca Souza,1971-08-17
471,Leandro da Costa,1998-11-29
472,Guilherme Aragão,1979-07-07
473,Juan Cunha,1969-01-19
474,Luiz Otávio da Mota,1997-03-04
475,Heloísa Nascimento,1993-07-25
476,Lara Oliveira,1974-01-18
477,Emanuelly Ribeiro,1968-06-19
478,Maria Alice da Costa,1977-10-08
479,Amanda Ribeiro,1964-03-28
480,Maria Julia da Mata,1961-10-16
481,Daniel Cunha,1997-07-29
482,Yuri Barbosa,1970-08-20
483,Diego da Costa,1993-07-22
484,Dra. Ana Laura Fogaça,1981-09-13
485,Thiago Carvalho,2000-02-24
486,Ana Júlia Cardoso,2003-05-14
487,Camila Costa,1963-04-07
488,Rebeca Silveira,1967-10-01
489,Leandro Mendes,1991-12-16
490,Sr. Theo da Mota,1996-08-26
491,Bruna da Luz,1978-07-13
492,Bernardo Fernandes,1973-07-16
493,Lavínia Moreira,1978-03-10
494,Caio Pereira,1983-01-07
495,Alana Souza,2001-09-27
496,Sr. João Pedro da Cruz,1974-03-20
497,Murilo Aragão,1960-10-01
498,Lucas Gabriel Azevedo,1971-03-07
499,Gustavo Lopes,1974-05-25
500,Eloah Pires,1982-11-28
501,Igor Rezende,1967-01-23
502,Sr. Anthony Nogueira,1963-06-12
503,Matheus Moura,2002-05-14
504,Júlia Caldeira,1968-12-06
505,Giovanna Correia,1986-11-16
506,Matheus Duarte,1989-04-24
507,Larissa Caldeira,1974-09-24
508,Marcos Vinicius Ribeiro,1993-06-10
509,Dr. Vicente Oliveira,19920115
510,Camila Silva,1999-08-04
511,Camila Cavalcanti,1978-01-10
512,Lucas Alves,1997-03-07
513,Luiz Fernando Fogaça,1981-10-21
514,Clara Cunha,1986-10-10
515,Bianca Martins,2003-09-18
516,Davi Lucca Fernandes,1984-01-21
517,Joaquim Mendes,1985-08-09
518,João Vitor Fernandes,1964-07-04
519,Bernardo da Mata,2003-01-22
520,Ana Luiza Jesus,1992-11-04
521,João Aragão,2002-06-14
522,Sra. Manuela Castro,1968-08-20
523,Marcos Vinicius Teixeira,1984-09-07
524,Laís Cardoso,1984-08-14
525,Joaquim Jesus,1970-02-03
526,Alexia Teixeira,1961-12-28
527,Isabel Silveira,1989-11-20
528,Srta. Eloah Novaes,1981-04-11
529,Augusto Cunha,1974-12-02
530,Benjamin Rezende,1999-04-15
531,Marcos Vinicius Correia,1990-06-23
532,Sra. Bárbara Fernandes,1987-12-14
533,Heloísa Gonçalves,1974-12-25
534,Srta. Laís Vieira,1965-04-21
535,Vitor Gabriel Moura,1994-09-24
536,Yasmin Vieira,1979-06-01
537,Ana Beatriz Sales,1969-08-18
538,Mariana Almeida,1965-04-06
539,Dr. Pedro Henrique Souza,1967-12-21
540,Daniel Pires,1965-07-02
541,Benjamin Barros,1967-03-06
542,Cauê Peixoto,1970-08-16
543,Julia Freitas,1963-10-27
544,Murilo Cardoso,1965-08-22
545,Heloísa Fogaça,1984-03-17
546,Olivia da Rosa,1983-03-12
547,Srta. Juliana Sales,1990-10-07
548,Raul Monteiro,1986-10-30
549,Vicente Fogaça,1995-09-06
550,Gabrielly Azevedo,1971-06-20
551,Enzo Mendes,1994-12-21
552,Elisa Barbosa,1965-08-23
553,Gustavo Henrique Lopes,1994-10-21
554,Carolina Azevedo,1982-05-11
555,Vitor da Rocha,1967-06-21
556,Dra. Ana Beatriz Ribeiro,1965-01-18
557,Dr. Pietro Silva,1998-12-21
558,Dr. Rodrigo Peixoto,1967-05-22
559,Rafaela da Mota,1991-08-02
560,Maria Julia Lima,1974-06-24
561,Yasmin Melo,2001-03-17
562,Dr. Pedro Henrique Cunha,1979-08-27
563,Evelyn Pinto,1976-07-22
564,Emanuelly Rodrigues,1972-12-18
565,Gabriela da Rosa,1967-09-28
566,Dr. Davi Correia,1978-10-03
567,Dra. Nina Teixeira,19641010
568,Murilo Dias,2003-09-22
569,Sra. Elisa Barbosa,1971-11-06
570,Erick Nunes,1970-12-14
571,Marina Martins,1994-09-19
572,Enrico Silva,1983-10-10
573,Raquel Aragão,1971-04-30
574,Nicole Moura,1982-01-27
575,Srta. Isis Moura,1967-08-09
576,Sra. Sofia Lima,1989-03-30
577,Isaac Ramos,1991-02-17
578,Milena Fernandes,1976-09-03
579,Ana Lívia Costa,1985-03-06
580,Vitória Correia,1990-01-11
581,Isis Gonçalves,1961-07-14
582,Maria Luiza Pires,1972-05-20
583,Maria Clara Pereira,1991-02-12
584,Dr. Cauã Ramos,1960-07-16
585,Olivia Castro,1970-01-06
586,Sr. Rodrigo Cavalcanti,1972-12-19
587,Danilo Cardoso,1969-08-15
588,Olivia Costela,1962-05-26
589,Catarina Sales,1978-12-03
590,Emanuella Lopes,1997-11-27
591,Cecília Fogaça,2002-03-29
592,Esther Costa,1987-12-09
593,André Rodrigues,2000-07-05
594,Ana Lívia da Mota,1964-07-15
595,Dr. Nathan Pinto,1998-06-09
596,Antônio Costa,1962-06-29
597,Yasmin Rocha,1991-06-11
598,Dr. Gustavo Henrique Barros,1980-06-19
599,Pedro da Mota,1971-03-19
600,João Guilherme Vieira,1978-02-19
601,Lucas Gabriel da Paz,2003-02-21
602,Bruno Lopes,2001-01-11
603,Benício Souza,1971-02-09
604,João Guilherme da Mota,1988-03-17
605,Rodrigo Correia,1983-11-16
606,Agatha Novaes,2001-04-17
607,Alana Rezende,1998-11-24
608,Lucca Moraes,1974-07-20
609,Marcelo Castro,1992-04-13
610,Júlia Caldeira,2003-10-11
611,Ana Lívia Peixoto,1966-09-10
612,Lorenzo Santos,1963-01-24
613,Yasmin da Costa,2000-10-19
614,Renan Rodrigues,1974-09-02
615,Giovanna Cavalcanti,1963-03-15
616,Sr. João Pedro da Mota,1976-03-11
617,Sr. Bryan da Luz,1964-09-07
618,Ana Lívia da Costa,1989-01-02
619,Ian Farias,1982-03-02
620,Ana Luiza Araújo,1978-09-07
621,Fernanda Mendes,1996-08-11
622,Levi da Mota,1997-06-03
623,Carolina da Rosa,1991-04-26
624,Dr. Luiz Felipe Jesus,1968-12-26
625,Pedro Lucas Cunha,1989-10-29
626,Daniel Caldeira,1979-04-27
627,Theo Ferreira,1998-01-14
628,Maitê Alves,1994-01-09
629,Maria Luiza Gomes,1970-10-28
630,Laís Fernandes,2001-01-14
631,Beatriz Pereira,1981-04-16
632,Lara Farias,2000-12-02
633,Luigi Cunha,1998-09-20
634,Pedro Miguel Duarte,2002-12-11
635,Yuri Pinto,2002-03-11
636,Srta. Kamilly Sales,1978-02-24
637,Rebeca Fernandes,1979-11-06
638,Daniel Nascimento,1981-02-01
639,Raquel Ribeiro,1968-08-08
640,Isabelly Rodrigues,1993-02-03
641,Sra. Esther Fernandes,1962-10-07
642,Lívia Teixeira,1970-07-21
643,Gustavo Henrique Freitas,1961-10-22
644,Sra. Heloísa Ferreira,1989-01-01
645,Luiza Correia,1989-01-23
646,Pedro Lucas Moreira,1975-04-28
647,Sra. Luna Gonçalves,1961-09-20
648,Laís Freitas,1994-03-16
649,Esther Silva,1992-12-28
650,Melissa Azevedo,1985-02-03
651,Dr. Renan Peixoto,1979-02-15
652,Beatriz Dias,1990-04-07
653,Cecília Cavalcanti,1963-10-29
654,Sarah Monteiro,1960-08-10
655,Ana Clara Costela,1994-01-16
656,Luna Ferreira,1965-05-04
657,Esther Silva,1963-03-05
658,Sr. Lorenzo das Neves,1980-06-23
659,Luiz Henrique Monteiro,1995-01-28
660,Lorenzo Oliveira,2000-05-08
661,Natália da Rosa,1967-02-03
662,Marcela Moura,2002-01-02
663,Kaique Ramos,1991-11-28
664,Dr. Davi Lucas da Rocha,1980-10-21
665,Daniela Barros,1978-12-10
666,Guilherme da Cruz,1962-12-23
667,Ryan Mendes,1964-08-09
668,Sr. Enzo Gabriel Campos,1987-01-07
669,Clarice Porto,1982-10-20
670,Rafael Almeida,
671,Luana Jesus,1967-12-20
672,Sr. Erick Azevedo,1986-03-14
673,Dra. Lívia Araújo,1972-02-25
674,Anthony Porto,2002-07-21
675,Pietra Pinto,1978-01-30
676,Daniel Freitas,1965-01-23
677,Laís Pinto,1995-08-22
678,Rafaela Silva,1996-12-26
679,Luana da Luz,1991-02-27
680,Eduarda da Paz,1980-09-12
681,Heloísa Alves,2002-03-22
682,Benjamin Azevedo,1981-12-19
683,Helena Ferreira,1990-01-23
684,Francisco da Mota,1992-10-27
685,Lucas Gabriel Sales,2000-06-29
686,Bruno Santos,1978-10-09
687,Srta. Clara Teixeira,1967-12-24
688,Eduardo Gonçalves,1972-06-09
689,Sr. Bernardo Jesus,1974-06-20
690,Davi da Mota,1961-06-03
691,Thomas Ribeiro,1969-09-24
692,Heitor Nogueira,1989-03-03
693,Joaquim da Rocha,2001-10-24
694,Ana Laura Moura,1987-10-12
695,Eloah Cardoso,1988-06-03
696,Dra. Ana Clara Gonçalves,1983-03-21
697,Srta. Milena Pinto,1971-12-11
698,Felipe Gonçalves,1965-11-30
699,Giovanna Santos,1963-05-16
700,Vitor Correia,1962-12-22
701,Dra. Maysa Fogaça,1987-04-09
702,Srta. Olivia Santos,2002-02-28
703,Lucas da Mata,1983-01-14
704,Carolina Novaes,1994-01-28
705,Yago Lopes,1979-06-19
706,Marcela Almeida,1966-07-31
707,Fernanda Costa,1997-12-18
708,Maria Luiza Mendes,2001-08-26
709,João Vitor Almeida,1970-12-11
710,Alexandre Gonçalves,1987-11-22
711,Catarina Cunha,1970-05-09
712,Maria Luiza da Rosa,1993-03-10
713,Miguel Pires,1995-07-26
714,Dr. Calebe Fernandes,1988-05-18
715,Heitor da Cunha,1964-12-24
716,Sr. Enrico Silveira,1963-04-24
717,Kamilly Almeida,1993-07-29
718,Elisa da Rosa,1987-07-15
719,Anthony Fogaça,1982-11-01
720,Luana das Neves,1973-05-20
721,Maria Cecília Martins,1994-03-13
722,Murilo Barbosa,2002-01-17
723,Daniela Peixoto,1984-01-27
724,Eloah Jesus,1975-02-06
725,Augusto Castro,1999-12-27
726,Paulo Oliveira,1984-04-16
727,Yago da Cruz,2000-07-05
728,Arthur Vieira,1990-07-01
729,Dra. Stephany Viana,1986-08-13
730,Vitória Mendes,1997-10-26
731,Maria Sophia Freitas,1990-10-13
732,Maria Julia da Rosa,1971-08-15
733,Sofia Souza,2001-03-16
734,Sr. Guilherme Lopes,1964-08-25
735,Marcela Mendes,1962-04-17
736,Bruna Martins,1995-12-14
737,Luiza Silva,1971-04-17
738,Camila Alves,1960-07-07
739,Stephany Farias,1964-04-17
740,Larissa Campos,1993-01-12
741,Alice Araújo,1990-08-11
742,Yuri Martins,1988-08-07
743,Evelyn Sales,1965-06-30
744,Antônio Barros,1965-12-09
745,Camila Rezende,1972-09-07
746,Paulo da Mata,1970-04-18
747,Francisco Rocha,1961-12-28
748,Heitor das Neves,1998-12-31
749,Leonardo Ferreira,1978-04-11
750,Dr. Gustavo Henrique da Paz,1967-10-28
751,Pedro Miguel Novaes,1975-09-23
752,Rebeca Cardoso,1964-12-22
753,Dr. Nathan Rocha,1981-08-04
754,Dra. Brenda da Cunha,1997-12-18
755,Calebe Campos,1971-06-21
756,Ana Clara Rocha,1985-02-21
757,Maitê Moraes,1989-12-30
758,Gabriel Alves,1986-10-08
759,Francisco da Cunha,1965-08-28
760,Lucca Souza,1963-07-17
761,Alexia Silva,1994-04-04
762,Brenda Pires,2001-02-27
763,Vitor Gabriel Nunes,1990-04-06
764,Maria Eduarda da Rosa,1973-10-06
765,Clarice Alves,1970-08-01
766,Anthony Almeida,1963-04-09
767,Sr. Arthur Cardoso,1974-01-25
768,Camila Nunes,1999-07-31
769,Murilo Carvalho,1962-10-30
770,Davi Cardoso,1964-08-20
771,Isis Rodrigues,1999-10-20
772,Eduarda Moreira,1985-11-28
773,Agatha Carvalho,1974-09-10
774,Sophie Vieira,1972-03-07
775,Leandro Moreira,1998-08-23
776,Caio Teixeira,1970-01-28
777,Davi Lucas Vieira,1964-10-23
778,Danilo Sales,1968-08-08
779,Raquel Dias,1962-07-24
780,Isabella Viana,1979-07-07
781,Sra. Ana Duarte,1988-05-25
782,Maria Eduarda Silva,1961-06-27
783,Dra. Ana Vitória Carvalho,1997-06-22
784,Igor Nogueira,1967-12-27
785,Srta. Maria Clara Santos,1981-07-23
786,Júlia da Cruz,1969-12-26
787,Nathan da Cruz,1982-10-01
788,Sr. Vitor Alves,1968-02-25
789,Samuel Fernandes,1983-02-25
790,Sra. Camila Monteiro,
791,Calebe Pinto,1971-12-05
792,Francisco Moura,1998-02-01
793,Juan Silveira,1973-04-20
794,Pedro Henrique Rodrigues,1974-06-22
795,Maria Luiza Costela,1976-06-16
796,Emanuella Costela,1978-09-18
797,Thomas da Rosa,1998-03-15
798,Francisco Pereira,1974-05-26
799,Maria Luiza Ferreira,1986-03-09
800,Heloísa da Rosa,1988-05-20
801,Juan da Mota,1994-11-22
802,Dra. Esther Viana,1966-10-11
803,Daniela Pereira,1968-11-16
804,Miguel Moraes,1962-02-01
805,Diego Rocha,1996-01-22
806,Nathan Costela,1981-12-27
807,Kamilly Almeida,1990-02-04
808,João Miguel das Neves,1969-05-08
809,Sr. Gabriel Monteiro,1966-07-21
810,Rafael Costa,1994-07-27
811,Lara Silveira,1988-06-22
812,Sr. Breno da Mota,1978-09-12
813,Larissa Cavalcanti,1995-07-09
814,Laís Moura,1985-02-19
815,Ana Luiza Nogueira,1984-03-25
816,Leonardo Rocha,1998-08-26
817,João Miguel Caldeira,1986-12-26
818,Levi Sales,1997-07-31
819,Joaquim Cavalcanti,1981-10-05
820,Benjamin Lima,1967-01-13
821,Antônio Freitas,1978-02-18
822,Ryan Lopes,1992-02-08
823,Maria Fernanda Peixoto,2001-08-02
824,Lavínia Cardoso,2000-09-15
825,Gustavo Araújo,1975-03-19
826,Emilly Carvalho,1991-06-27
827,Dr. João Felipe Fernandes,1981-01-27
828,Yuri Pinto,1971-04-10
829,Dra. Lara Melo,1996-12-05
830,Maitê da Costa,1969-02-01
831,Dra. Heloísa Melo,1986-10-10
832,Kevin da Mota,1963-04-25
833,Giovanna Rodrigues,1962-03-15
834,Eloah Cardoso,1975-07-07
835,Lucca Peixoto,1985-07-29
836,Luigi Martins,1977-09-15
837,Sr. Eduardo Campos,1970-07-28
838,Sra. Mirella Oliveira,1979-02-23
839,Sr. Thiago Sales,2000-04-11
840,Valentina Porto,1967-02-17
841,Raul da Conceição,1967-03-29
842,Rafaela Pires,1981-08-24
843,João Guilherme Correia,1981-04-09
844,Mirella Ribeiro,1962-05-09
845,Eduardo Ribeiro,1992-07-26
846,Sr. Nicolas Pereira,1999-12-14
847,Fernando Ribeiro,1989-01-12
848,Sr. Cauã Monteiro,1995-04-24
849,Isadora da Cunha,1978-09-09
850,Luiz Henrique Aragão,1968-04-06
851,Heloísa Souza,1982-03-15
852,Lucas Cunha,1986-10-16
853,Gustavo Henrique Costa,1979-02-15
854,Nicolas Alves,1998-07-17
855,Juliana Melo,1974-07-14
856,Eduardo Pires,1980-03-28
857,Sr. Henrique Pires,1993-02-24
858,Kevin das Neves,1983-04-10
859,Sra. Stella Cunha,1975-07-30
860,Sr. Augusto da Paz,1975-12-03
861,Gabrielly Pereira,1981-11-11
862,Bryan Cavalcanti,1978-04-13
863,Sr. Nicolas Lima,1986-12-14
864,Dr. Yuri Sales,1980-02-22
865,Sr. Fernando Pereira,1976-03-01
866,Miguel Ribeiro,1968-09-07
867,André Campos,1962-06-02
868,Alícia Ribeiro,1964-07-02
869,Lucca Gomes,1963-05-06
870,Luiz Fernando da Cunha,1995-07-26
871,Davi Luiz Carvalho,1977-10-09
872,Joaquim Moreira,1976-02-03
873,Dra. Julia Cavalcanti,1981-02-09
874,Luiz Henrique Costa,1971-05-01
875,Luiz Felipe Caldeira,1971-10-20
876,Sr. Marcos Vinicius Nogueira,2003-06-26
877,Sr. Nicolas Souza,1999-08-11
878,Emanuelly Ferreira,1972-04-30
879,Srta. Maitê Dias,1995-12-17
880,Sarah da Mota,1963-08-17
881,Srta. Isadora Rodrigues,1988-04-09
882,Otávio Monteiro,1965-04-12
883,Juan da Paz,1991-03-04
884,Felipe Nascimento,1985-01-07
885,Heitor Costela,1964-11-03
886,Júlia Rezende,1962-07-04
887,Ryan Lima,2003-10-12
888,Sra. Letícia Ramos,1965-10-03
889,Thales da Cruz,1960-01-15
890,Vitor Gabriel Cavalcanti,1976-08-21
891,João Felipe da Mota,1982-04-01
892,Esther Pinto,1982-04-27
893,Antônio Lopes,1977-09-07
894,Sra. Gabriela Cardoso,1997-01-16
895,Erick Cavalcanti,1980-09-26
896,Igor Aragão,1965-01-17
897,Emanuel Ribeiro,2002-11-07
898,Emanuel Cavalcanti,1994-04-25
899,Maria Fernanda Sales,1976-09-24
900,Eloah Lopes,1962-12-23
901,Isadora da Rosa,2002-12-14
902,Enrico Viana,1973-09-02
903,Pietro Novaes,2001-06-10
904,Sr. Arthur Freitas,1999-01-29
905,Julia Barbosa,1972-06-28
906,Srta. Ana da Paz,1977-08-21
907,Vitor Hugo Cavalcanti,1988-06-04
908,Alexandre Freitas,1965-01-30
909,Leandro Vieira,2000-04-03
910,Bianca Martins,1970-11-29
911,Ana Luiza da Cruz,1992-11-04
912,Dr. Davi Lucas Ramos,1967-09-10
913,Catarina Rezende,1993-01-27
914,Marcela Teixeira,1960-03-18
915,Enzo Gabriel Almeida,1977-09-17
916,Elisa Rezende,1991-09-26
917,Luana Pereira,1998-06-04
918,Dra. Larissa Santos,1990-08-04
919,Ana Carolina Ramos,1979-09-10
920,Lucca Teixeira,1973-01-17
921,Emanuella Moreira,1993-09-12
922,Mirella Teixeira,1961-05-13
923,Lavínia Souza,1964-09-24
924,Sr. Cauê da Mata,1967-01-22
925,Luiz Henrique da Mota,1964-02-14
926,Brenda Castro,1997-09-28
927,Davi Lucca Pires,1985-11-17
928,Augusto Nogueira,1977-07-05
929,Alexandre Cunha,1974-09-28
930,Enzo da Rosa,2001-11-28
931,Sra. Alícia Martins,1995-03-04
932,Pedro Henrique Fogaça,1979-12-07
933,Sabrina da Costa,1965-09-07
934,Augusto da Mota,1981-10-18
935,Evelyn Nascimento,1966-12-27
936,João Vitor Novaes,1985-12-31
937,Davi Lucas Nascimento,1982-10-08
938,Paulo Gomes,1976-12-25
939,Sra. Lívia Teixeira,1983-02-03
940,Daniela Araújo,1986-03-15
941,Maria Sophia Mendes,1970-12-27
942,Giovanna Barros,1978-11-04
943,Isabelly Araújo,1986-09-13
944,Maria Julia Moura,1994-03-21
945,Nina Campos,1982-09-16
946,Maria Luiza Oliveira,1969-03-19
947,Alícia Barros,1974-03-18
948,Marcos Vinicius Campos,1986-12-04
949,Ana Beatriz Caldeira,1966-06-23
950,Pedro Henrique Porto,1969-04-07
951,Daniel Jesus,1960-09-11
952,Arthur Nunes,2003-10-07
953,Ana Sophia Araújo,1996-08-21
954,Sra. Sabrina Rocha,1975-10-22
955,João Pedro da Conceição,2003-08-24
956,Joaquim Costela,1975-09-16
957,Alícia Castro,1969-04-15
958,Diogo Costela,1962-11-24
959,Luiz Gustavo da Paz,1979-12-10
960,Dra. Fernanda Rodrigues,1980-12-22
961,Vicente Jesus,1979-09-06
962,Luna Silva,2001-10-02
963,Paulo Porto,1984-11-21
964,Lucas Gabriel Farias,1998-11-13
965,Stella Pires,1977-06-01
966,Dra. Yasmin da Mata,1990-06-08
967,Ian Rodrigues,2002-06-01
968,Ana Clara Costela,2002-07-16
969,Camila Costa,1961-02-02
970,Dr. Enrico Rezende,1983-12-18
971,João Nascimento,1975-05-16
972,Camila Monteiro,1961-05-31
973,Agatha Carvalho,1967-02-23
974,Dr. Yago Moraes,1993-07-16
975,Eduarda da Cunha,1963-10-12
976,Lavínia Ramos,1990-10-20
977,Sr. Murilo Fernandes,1983-06-25
978,Luana Mendes,2003-09-01
979,Sra. Helena Mendes,1994-09-03
980,Bruna Duarte,1982-01-31
981,Fernando Nogueira,1993-07-11
982,Heitor Jesus,1979-05-06
983,Olivia Ribeiro,1970-03-02
984,Emanuel Viana,1973-12-04
985,Luiza Pereira,1978-06-25
986,Murilo Farias,1960-11-20
987,Mirella Dias,1967-01-23
988,Agatha Dias,1976-05-02
989,Eduardo da Mata,1987-07-19
990,Sarah Pires,1986-01-13
991,Dr. João Felipe da Paz,1982-05-05
992,Catarina Moraes,1991-01-18
993,Gabriela Carvalho,1982-12-13
994,Daniela Aragão,1962-05-07
995,Sra. Maria Alice Rodrigues,1984-05-22
996,Maria Luiza Carvalho,1988-06-12
997,Srta. Sophia Caldeira,1980-06-25
998,Ana Carolina Freitas,1976-08-20
999,Mariane Lima,1977-08-13
1000,Maria Clara Melo,2002-11-14
1001,Caio Souza,1970-11-02
1002,Levi Ferreira,1969-09-10
1003,Sr. Isaac Araújo,1970-06-25
1004,Enzo Gabriel da Costa,1998-04-16
1005,Renan Barbosa,1976-02-09
1006,Dr. Francisco Souza,1973-01-11
1007,Natália da Rocha,1963-02-22
1008,Joana da Paz,1994-08-27
1009,Mariana Alves,1994-04-12
1010,Lavínia da Paz,2000-10-14
1011,Srta. Ana Julia Melo,1962-10-31
1012,Emanuel Moreira,1974-09-23
1013,Cauã Moura,1979-09-14
1014,Alícia das Neves,1980-10-16
1015,Renan Freitas,1965-05-13
1016,Laura Jesus,1997-05-22
1017,Emanuelly da Cunha,1964-07-12
1018,Sofia Carvalho,1993-05-10
1019,Clarice Costela,2001-03-13
1020,Sra. Lívia da Mota,2002-05-26
1021,Guilherme Cunha,2001-11-05
1022,Ana Laura Aragão,1975-05-06
1023,Bernardo Costela,1992-04-24
1024,Daniela Moreira,1965-10-15
1025,Eduardo Pinto,2001-11-03
1026,Beatriz Teixeira,1991-07-16
1027,Calebe Campos,1985-09-14
1028,Sra. Isabella Pereira,1993-11-21
1029,Alexandre da Rosa,1986-03-03
1030,Sabrina da Luz,1971-04-28
1031,Maysa Campos,1965-08-29
1032,Sr. Marcos Vinicius Santos,1993-09-06
1033,Samuel Silveira,1963-11-21
1034,Vitor Caldeira,1988-07-06
1035,Guilherme da Cunha,1964-11-27
1036,Marcos Vinicius Moura,1977-01-13
1037,Cauê Rocha,2001-04-30
1038,Srta. Joana das Neves,1986-11-09
1039,Kamilly da Costa,1982-06-21
1040,Amanda Pires,1987-12-05
1041,Guilherme Lopes,1963-05-19
1042,Davi Lucas Correia,1977-10-08
1043,Rafaela Nunes,2003-06-17
1044,Ana Beatriz Lima,1960-02-29
1045,Sr. João Felipe da Mata,1996-11-12
1046,Sra. Sophie Pinto,1978-04-20
1047,Luiz Felipe Monteiro,1967-07-07
1048,Davi Fernandes,1994-09-02
1049,Maysa Monteiro,1971-10-22
1050,Sr. Arthur Vieira,1995-04-02
1051,Carolina Rocha,1972-04-12
1052,Raquel Moraes,1968-04-25
1053,Calebe Fernandes,1968-12-08
1054,Ana Clara Monteiro,1963-12-09
1055,Olivia Cavalcanti,1986-12-31
1056,Srta. Ana Júlia Rezende,1963-07-02
1057,Lavínia Cavalcanti,1969-06-29
1058,Maria Eduarda Almeida,1997-07-13
1059,Lucas Gabriel Campos,1976-11-14
1060,Theo Ramos,1975-01-16
1061,Dra. Rebeca Pinto,1986-11-01
1062,Nicolas da Rocha,1968-06-13
1063,Raquel Peixoto,1970-08-15
1064,Ana Laura Nogueira,2000-10-04
1065,Sr. Miguel Carvalho,1993-02-03
1066,Francisco Costela,1972-09-05
1067,Ana Vitória Caldeira,1976-11-17
1068,Gustavo Henrique Nunes,1976-12-04
1069,Dra. Esther Costa,1996-12-27
1070,Erick Almeida,1963-06-15
1071,Sra. Daniela Santos,1969-07-23
1072,Leandro Dias,1964-03-04
1073,Sophia da Rosa,1996-10-01
1074,Luiz Miguel Oliveira,1971-10-27
1075,Heloísa Teixeira,1998-07-09
1076,Julia Correia,1970-10-14
1077,Kamilly Lopes,1989-04-17
1078,Srta. Luana Porto,1971-02-19
1079,Ana Beatriz Almeida,1960-10-26
1080,Caroline Ramos,1975-05-12
1081,Alexia da Rocha,1975-04-07
1082,Noah Campos,1985-04-24
1083,Henrique Cardoso,1968-08-03
1084,André Nunes,1981-10-29
1085,Maitê Porto,1989-05-18
1086,Sr. Bernardo Azevedo,1996-05-21
1087,Eloah da Conceição,1998-12-03
1088,Rodrigo Correia,1998-06-25
1089,Lorenzo Cunha,1962-07-23
1090,Vicente da Cunha,2000-03-03
1091,Dr. Ian Moura,1973-10-08
1092,Maria Sophia Campos,1996-02-16
1093,Marcos Vinicius Martins,1989-04-16
1094,Henrique Ferreira,1960-12-25
1095,Natália Santos,1988-02-07
1096,Luna Rezende,1993-06-15
1097,Bryan Martins,1978-02-08
1098,Miguel Peixoto,1998-12-10
1099,Yasmin da Rocha,1982-09-08
1100,Davi Lucas Pinto,1969-03-18
1101,Srta. Natália Vieira,1972-03-24
1102,Juan Lima,1970-05-03
1103,Luiz Henrique Rocha,1961-11-24
1104,Caio Costela,1969-11-07
1105,Mirella da Cruz,1984-10-23
1106,Agatha Rodrigues,1964-09-12
1107,Sra. Mariane Barros,2000-10-14
1108,João Lucas Fogaça,1974-09-28
1109,Sra. Ana Clara da Cunha,2003-04-19
1110,Sra. Alexia Moura,1994-01-19
1111,Antônio Novaes,1990-12-11
1112,João Guilherme Azevedo,1997-09-15
1113,Cauê Cardoso,1982-07-16
1114,Luana Ferreira,1969-07-24
1115,Nina Pires,1984-08-24
1116,Dr. Heitor Barros,1963-07-16
1117,Carolina Martins,1992-12-16
1118,Srta. Larissa Fernandes,1992-11-20
1119,Ana Sophia Monteiro,1978-05-18
1120,Lucas Viana,1973-12-16
1121,Rodrigo Vieira,1986-10-08
1122,Dr. Felipe Nunes,1976-07-07
1123,Julia Cavalcanti,1998-09-04
1124,Paulo Ramos,1978-05-05
1125,Heitor Cavalcanti,1961-05-10
1126,Dr. Anthony Nascimento,1980-06-24
1127,Davi Lucas Castro,1965-05-25
1128,Isabel Alves,1975-01-24
1129,Valentina Melo,1983-01-14
1130,Emanuelly da Mata,1968-08-17
1131,Sr. João Gabriel Cardoso,1974-06-11
1132,Helena Teixeira,1960-11-16
1133,Emanuella Cunha,1961-02-02
1134,Marcos Vinicius Peixoto,1978-03-11
1135,Pietro Nogueira,1976-12-26
1136,João Felipe Duarte,2000-08-25
1137,Davi Lucas Monteiro,1986-01-07
1138,Dra. Natália Pires,1969-08-13
1139,Bernardo Cunha,1993-11-11
1140,Sr. Henrique Rocha,1996-08-22
1141,Dr. Juan Farias,1984-07-23
1142,Isadora Moura,1979-02-11
1143,Benício Moreira,1960-02-13
1144,Eduarda Ferreira,1983-10-23
1145,Maria Fernanda Castro,1970-10-18
1146,Vitor Gabriel Silva,1972-07-14
1147,Manuela Barros,1984-10-22
1148,Elisa Castro,1974-02-25
1149,Emanuelly Nascimento,1991-10-23
1150,Ana Vitória Ferreira,1975-07-26
1151,Ana Clara Barbosa,1980-10-08
1152,Erick Nogueira,1983-02-02
1153,Emanuel Rocha,1993-10-16
1154,Cauã Vieira,1982-09-26
1155,Maria Julia Rocha,1993-01-16
1156,Bianca da Conceição,1969-04-10
1157,Thomas Lopes,1975-07-29
1158,Sarah Rezende,2002-11-25
1159,Alana da Costa,1997-12-19
1160,Sra. Daniela Cardoso,1976-01-05
1161,Dra. Cecília Nascimento,1991-05-31
1162,Sr. Thomas Oliveira,2002-10-08
1163,Marcos Vinicius da Rocha,1960-05-19
1164,Maria Vitória Almeida,1993-02-18
1165,Enzo Gabriel Moura,1999-09-14
1166,Levi Ramos,1975-07-25
1167,Sr. Thomas Rocha,2001-12-19
1168,Marina Martins,1988-04-14
1169,Henrique Almeida,1988-06-02
1170,Marcelo Oliveira,1993-07-02
1171,Emanuella Oliveira,1960-10-08
1172,Luiz Otávio Ramos,1966-05-25
1173,Juan Dias,1965-05-06
1174,Luiz Felipe Cunha,1990-11-05
1175,Giovanna Costa,1988-09-03
1176,Rafael Rodrigues,1984-09-25
1177,Isadora Fernandes,1983-05-22
1178,Sophie Farias,1997-02-22
1179,Vinicius Pinto,1991-11-01
1180,Erick Rocha,1974-07-14
1181,Júlia Castro,2002-12-30
1182,Stephany Sales,1998-02-06
1183,Dra. Ana Beatriz Barbosa,1984-03-08
1184,Lucas Gabriel Ferreira,1965-05-22
1185,Igor da Luz,1970-09-21
1186,Lucas Pereira,1990-05-25
1187,Dr. Joaquim Costela,1997-07-19
1188,Dr. Paulo Moreira,1971-08-25
1189,Sr. Noah Porto,1986-01-14
1190,Ana Sophia da Mota,1967-07-09
1191,Sofia Nogueira,1999-10-30
1192,Igor Ribeiro,1974-03-29
1193,Joana Castro,1960-08-08
1194,Dr. Breno da Mata,1970-11-06
1195,Dr. Luiz Gustavo Nunes,1986-09-24
1196,Luna Melo,1991-08-21
1197,João Felipe Vieira,1999-06-04
1198,Vitor Santos,1964-09-18
1199,Valentina Pires,1966-10-29
1200,Dra. Sophia da Mota,1973-07-22
1201,Pedro Araújo,2002-08-30
1202,Isaac Melo,1998-02-27
1203,Anthony Cardoso,1976-06-20
1204,Srta. Isadora Caldeira,2003-07-01
1205,Diogo Jesus,1995-05-20
1206,Eloah Ribeiro,1995-09-27
1207,Larissa Pinto,1968-12-03
1208,Laura Pinto,1964-04-16
1209,Sr. Bernardo Lima,1998-05-24
1210,Sr. Rodrigo da Mata,1994-02-18
1211,Lucas Gabriel Lima,1970-11-10
1212,Danilo Duarte,1997-03-14
1213,Yago Melo,1999-06-17
1214,Sra. Brenda Gonçalves,1977-12-23
1215,Pedro Henrique da Conceição,1990-10-29
1216,Caio Lopes,1968-07-01
1217,Sra. Alana Gonçalves,1965-11-27
1218,Paulo Ramos,1984-01-03
1219,Benjamin Barbosa,1972-03-04
1220,Sr. Cauã Moreira,1977-11-13
1221,Isabel Moura,1987-04-22
1222,Luana da Conceição,1967-04-11
1223,Kevin Monteiro,1988-12-24
1224,João Pedro Ramos,1985-10-04
1225,Thiago Cavalcanti,1976-11-29
1226,Raquel Jesus,1998-06-15
1227,Emanuella da Costa,1987-11-26
1228,Pietra Rezende,1986-11-26
1229,Sra. Isis Porto,1993-10-15
1230,Kevin Dias,1971-06-01
1231,Rebeca Fogaça,1969-07-18
1232,Dr. Leandro Pinto,1982-09-12
1233,Juliana da Cunha,1997-10-07
1234,Luna Porto,1964-12-09
1235,Gabriel Viana,1982-04-18
1236,Luigi Duarte,1988-06-08
1237,Igor Sales,1974-12-23
1238,Bernardo Nogueira,1990-01-22
1239,Maysa das Neves,1996-03-27
1240,Dra. Giovanna Carvalho,1967-11-12
1241,Agatha da Cruz,1993-06-25
1242,Sophie Lopes,1963-07-16
1243,João Gabriel Nogueira,1978-07-25
1244,Vitor Gabriel Sales,1984-02-05
1245,Dr. Pedro Lucas das Neves,1990-12-14
1246,Vitória Caldeira,1996-02-22
1247,Dra. Clarice Alves,1976-01-06
1248,Dra. Brenda da Luz,1994-07-12
1249,Enzo da Paz,1988-12-05
1250,Gabrielly Farias,1973-09-25
1251,Maria Julia Nunes,2002-01-15
1252,Sarah Cardoso,1986-08-03
1253,Manuela Porto,1977-03-12
1254,Vicente da Mota,1964-08-19
1255,Kaique Araújo,1971-12-01
1256,Lívia Costela,2001-05-11
1257,Nathan Araújo,1969-10-14
1258,Sr. Kevin Farias,1967-02-19
1259,João Guilherme Costela,1993-12-09
1260,Nicole Correia,1977-12-26
1261,Maria Cecília Santos,1973-02-28
1262,Luigi Rodrigues,1986-12-08
1263,Maria Sophia Novaes,1968-05-02
1264,Sr. Calebe da Rocha,1968-03-16
1265,Bianca Jesus,1985-03-07
1266,Dra. Ana Beatriz Farias,1967-03-16
1267,Beatriz Santos,1987-07-08
1268,Nina Pereira,1979-02-18
1269,Nina Farias,1962-01-26
1270,Dra. Sophia Moura,1970-05-05
1271,Nicolas Peixoto,1998-07-09
1272,Bryan Caldeira,1975-02-08
1273,Sra. Agatha Azevedo,1990-10-26
1274,Pietro da Rocha,1967-05-14
1275,Alana Araújo,1968-10-06
1276,Cecília Carvalho,1972-02-05
1277,Ryan Cavalcanti,2003-06-08
1278,Guilherme Barros,1984-11-04
1279,Maria Sophia Moraes,1995-06-21
1280,Benício Moura,1998-02-11
1281,Thales Ferreira,1967-10-23
1282,João Vitor Ramos,1983-12-21
1283,Pietro da Mata,2001-06-23
1284,Kamilly Mendes,1966-10-14
1285,Kamilly Rezende,1993-07-31
1286,Carolina Gomes,1981-07-09
1287,Vitória Alves,1970-04-21
1288,Maria Jesus,1960-09-19
1289,Rebeca Pereira,1999-09-01
1290,Ana Júlia Carvalho,1995-02-12
1291,Stephany Sales,1967-11-04
1292,Otávio Moreira,1994-05-05
1293,Alícia Caldeira,1999-04-23
1294,Beatriz Caldeira,1965-05-14
1295,Sra. Clarice da Rocha,1968-08-19
1296,Lorenzo Nogueira,1970-02-15
1297,Dr. Igor Moraes,2001-11-28
1298,Sophie Nogueira,1981-03-16
1299,Milena Melo,1982-07-02
1300,Diogo Ferreira,1970-07-28
1301,Bruno Dias,1994-06-18
1302,Davi Martins,1995-05-30
1303,Luiz Otávio Nascimento,1967-05-09
1304,Enzo Lopes,1969-12-05
1305,Clarice Cunha,2003-05-18
1306,Emanuelly Dias,1997-09-28
1307,Luiz Felipe Duarte,1962-01-10
1308,Dra. Raquel da Mata,1979-10-19
1309,Diogo Barros,2003-02-01
1310,Gustavo Correia,1987-11-03
1311,Dr. Isaac Gomes,1978-11-03
1312,Nina Gomes,1963-09-12
1313,Letícia Vieira,1980-12-27
1314,Elisa Pires,1966-01-23
1315,Daniela Silva,1965-07-20
1316,Marcos Vinicius Silveira,1980-11-12
1317,Cauã Carvalho,1991-05-14
1318,Sr. Pedro Lucas Viana,1979-04-07
1319,Benjamin Silva,1983-01-11
1320,Murilo da Mota,1997-05-02
1321,Sr. Benício Azevedo,1991-05-28
1322,Nicolas Mendes,1964-03-30
1323,Sra. Emanuelly Alves,1971-12-07
1324,Leandro Aragão,1997-07-07
1325,Rafaela Martins,1963-09-21
1326,Caio Moraes,1992-12-11
1327,Davi Lucas da Rocha,1987-10-27
1328,Sr. Bryan Fernandes,1998-02-21
1329,Luiza Novaes,1968-03-11
1330,Vinicius da Cunha,1998-08-02
1331,Lívia Sales,1973-06-06
1332,Ana Martins,1977-11-02
1333,Luiza Costela,2000-12-28
1334,Danilo Dias,1993-11-12
1335,Dr. Pedro Henrique Nascimento,1982-02-14
1336,Ryan Cardoso,1983-11-04
1337,Thales Cavalcanti,1994-09-24
1338,Antônio Rocha,1989-03-04
1339,Thales Santos,1969-11-12
1340,Laís Teixeira,1969-01-08
1341,Pietra Moura,1979-08-26
1342,Anthony Santos,1983-03-20
1343,Alexandre Pinto,1994-06-08
1344,Leandro Lima,1996-03-27
1345,Melissa Peixoto,2003-12-02
1346,Letícia Campos,1999-03-07
1347,Bianca Fernandes,1978-07-20
1348,Dra. Emanuelly Lopes,1991-02-24
1349,Yago Cunha,1962-04-03
1350,Thiago da Conceição,1976-08-27
1351,Letícia Barbosa,1986-07-13
1352,Sabrina Monteiro,1979-06-11
1353,Otávio Aragão,1994-01-06
1354,Rafael Mendes,1982-11-08
1355,Amanda Moura,1997-11-18
1356,Srta. Ana Clara Oliveira,1970-12-06
1357,Isabel Araújo,1985-06-29
1358,Vitória Santos,1980-02-11
1359,Sophia Freitas,1961-01-15
1360,Sra. Cecília Monteiro,1974-05-21
1361,Sr. Marcelo Araújo,1984-10-29
1362,Helena Jesus,1962-11-10
1363,Heitor Novaes,1979-09-04
1364,Luiza Silva,1964-01-12
1365,Alana da Mota,1998-04-15
1366,Ana da Rosa,1965-11-01
1367,Sophia Cardoso,1962-11-06
1368,Eduarda Carvalho,1973-07-27
1369,Miguel Rezende,1991-10-10
1370,Luana Viana,1967-06-27
1371,Rodrigo Moraes,1972-09-09
1372,Isabella Araújo,1977-06-18
1373,Vitor Hugo Vieira,1994-07-19
1374,Ana Júlia Cavalcanti,1974-05-01
1375,Ana Luiza Moraes,1970-02-18
1376,Maria Luiza Moura,1990-02-16
1377,Benjamin Fernandes,1966-10-23
1378,João Gabriel Pereira,1993-11-24
1379,Dr. Daniel Castro,1995-11-24
1380,Diogo Pinto,1982-06-26
1381,Heitor da Conceição,1989-06-04
1382,Gustavo Henrique Pereira,1981-10-26
1383,Isabel Santos,1962-10-27
1384,Stephany Caldeira,1996-04-06
1385,Theo Souza,1968-06-10
1386,João Gabriel Costa,1968-10-19
1387,Cauã Nascimento,1995-12-31
1388,Thales Monteiro,1999-10-29
1389,Lucas Castro,1987-06-13
1390,João da Luz,2003-05-27
1391,Nicole da Cruz,1989-12-26
1392,Fernanda Lopes,1993-05-29
1393,Sr. Pietro Souza,1973-10-29
1394,Manuela Dias,1979-08-11
1395,Bryan Cavalcanti,1964-03-27
1396,Sra. Emanuelly Barros,1962-01-17
1397,Laura Novaes,1965-10-01
1398,Maria Luiza Silveira,1977-09-23
1399,Valentina Alves,1981-11-29
1400,Bryan Cardoso,1988-04-05
1401,Brenda Nogueira,1994-03-08
1402,Letícia Aragão,1975-06-15
1403,Luiz Miguel Gonçalves,1969-02-25
1404,Juan Martins,1976-09-15
1405,Dr. Eduardo da Rosa,1994-03-03
1406,Breno Farias,1966-11-24
1407,Alexia Santos,1982-08-12
1408,Luiz Henrique Rocha,1991-05-23
1409,Enzo Novaes,1982-01-17
1410,Cauê Almeida,1988-10-04
1411,Dr. Anthony Novaes,1977-07-05
1412,João Vitor Martins,1969-07-17
1413,Dra. Manuela Pinto,1982-02-26
1414,Vitor Hugo Melo,1967-08-13
1415,Bryan da Paz,1963-04-29
1416,Milena Novaes,1984-10-10
1417,João Gabriel Lima,1974-03-14
1418,Lavínia Campos,1995-05-10
1419,Pedro Miguel Gomes,1987-08-30
1420,Pedro Caldeira,1998-03-21
1421,Bryan Gonçalves,1991-12-16
1422,Luiza Pereira,1986-11-25
1423,Sra. Kamilly Oliveira,1966-01-25
1424,Pedro Oliveira,1974-10-08
1425,Alana Melo,1978-04-21
1426,Amanda Caldeira,1995-08-15
1427,João Guilherme Ramos,1969-08-02
1428,Srta. Ana Beatriz da Cunha,2003-12-19
1429,Stephany Nogueira,1963-11-19
1430,Luiz Fernando Alves,1975-06-02
1431,Dr. Lucas Silveira,1990-12-06
1432,Sophia Martins,2003-12-21
1433,Alícia Cunha,1974-07-20
1434,Rafaela Santos,1977-11-21
1435,Alexandre Jesus,1964-04-23
1436,Dra. Fernanda Cardoso,1990-04-27
1437,Sophia Gomes,2000-03-09
1438,Felipe Ribeiro,2000-09-23
1439,Vicente Cunha,1969-09-06
1440,Dr. Marcelo Almeida,1997-09-21
1441,Gabrielly Rodrigues,1994-10-08
1442,Calebe Araújo,1984-09-25
1443,Vitor Gabriel da Costa,2003-05-21
1444,Enzo Lopes,1963-04-19
1445,Maria Julia da Mota,2003-08-18
1446,Maria Alice Vieira,1988-12-31
1447,Gabriel Jesus,1967-06-30
1448,Luiz Henrique Ribeiro,1988-05-29
1449,Benício Duarte,1993-08-30
1450,Dr. Pedro Miguel Costela,1968-10-11
1451,Enrico Barbosa,1997-08-08
1452,Sra. Alexia Carvalho,1982-03-04
1453,Gustavo Ribeiro,1983-01-30
1454,Sr. Rafael Ramos,1989-03-26
1455,Nathan Monteiro,1987-02-08
1456,Erick Cardoso,2000-11-29
1457,Vinicius Campos,1976-06-23
1458,Srta. Marcela Cardoso,1987-08-20
1459,Alice Duarte,1977-08-14
1460,Nathan Cavalcanti,1991-01-11
1461,Melissa Aragão,1997-09-21
1462,Emanuella Jesus,1998-08-18
1463,Rafaela Alves,1980-06-01
1464,Felipe Jesus,1971-09-25
1465,Alice Freitas,1993-12-29
1466,Dra. Letícia Cardoso,1996-02-06
1467,Alícia Porto,1977-01-06
1468,Maria Vitória Vieira,1965-06-27
1469,Alana Aragão,1966-03-11
1470,Bruna Teixeira,1982-03-30
1471,Vinicius Costela,1999-03-20
1472,Alexandre Melo,1971-05-07
1473,Lívia Rodrigues,1990-03-23
1474,Heloísa Duarte,1980-07-31
1475,Bárbara Duarte,1963-07-31
1476,Ana Sophia Nogueira,1969-03-07
1477,Samuel Pires,2000-04-16
1478,Renan Ribeiro,1987-11-09
1479,Sr. Otávio da Costa,1999-04-30
1480,Dr. Yuri Cavalcanti,1988-08-23
1481,Thiago Silveira,1984-12-09
1482,Nathan Vieira,1974-03-12
1483,Ana Luiza Oliveira,1960-01-16
1484,Helena Nogueira,1968-02-20
1485,Anthony Jesus,1979-04-04
1486,Isadora da Cruz,1995-06-19
1487,Cauã Fernandes,1980-07-31
1488,Davi Luiz Fogaça,1967-02-14
1489,Nicolas Ribeiro,1995-12-24
1490,João Vitor da Costa,1978-04-04
1491,João Vitor Cavalcanti,1996-08-25
1492,Srta. Camila Fernandes,1982-12-27
1493,Enrico Teixeira,2000-08-25
1494,Yasmin Ramos,1965-02-02
1495,Sophia Ramos,1987-01-31
1496,Sr. Davi Luiz da Mota,1996-05-08
1497,Dr. Cauê Santos,1987-05-25
1498,Pedro da Conceição,1971-05-18
1499,Dr. Carlos Eduardo Santos,1966-11-02
1500,João Miguel Novaes,1960-03-03
1501,Melissa Melo,1986-07-27
1502,Maysa Araújo,1994-12-28
1503,Igor Costa,1970-09-07
1504,Melissa da Paz,1977-09-25
1505,João Lucas Rocha,1991-10-17
1506,Sr. Pedro Sales,1962-06-23
1507,Dra. Juliana da Rosa,1972-12-14
1508,Ana Júlia Silva,1969-05-11
1509,Lorenzo Oliveira,1992-01-23
1510,Helena da Conceição,1965-12-21
1511,Caio Santos,1988-08-26
1512,Ian Gomes,1992-01-25
1513,Sr. Danilo Viana,1980-04-06
1514,Enzo Moraes,1968-03-17
1515,Antônio Moura,2000-11-14
1516,Raul Silva,1997-04-17
1517,Benício Teixeira,2003-09-17
1518,Sra. Daniela Barbosa,1992-09-30
1519,Luiz Felipe Santos,1973-05-12
1520,Arthur Ribeiro,1965-12-27
1521,Miguel Cavalcanti,1980-07-18
1522,Nathan Duarte,1990-07-18
1523,Mariana Rodrigues,1989-01-17
1524,Fernanda da Cruz,1972-12-05
1525,Dra. Sofia da Mota,1978-10-22
1526,Davi Gomes,1990-01-14
1527,Larissa da Cunha,1965-01-07
1528,Sra. Laís Lima,1994-09-27
1529,Francisco Peixoto,1963-07-24
1530,Sra. Luana Oliveira,1960-12-15
1531,Valentina da Costa,1974-04-29
1532,Laura Fogaça,1973-05-30
1533,Dra. Eduarda Mendes,1997-09-01
1534,Sr. Renan das Neves,1993-06-20
1535,Nicolas Novaes,1985-08-04
1536,Manuela Carvalho,1966-11-25
1537,Sr. Davi Campos,1981-06-25
1538,Benjamin Martins,1995-09-01
1539,João Lucas Freitas,1996-06-21
1540,Emanuelly Correia,1991-06-25
1541,Dra. Maria Sophia Pinto,1970-01-30
1542,Bryan da Mata,1963-02-17
1543,Alana Souza,1981-06-02
1544,Rodrigo Castro,1995-10-15
1545,Dr. Raul Jesus,1988-07-12
1546,Maria Eduarda Azevedo,1985-10-20
1547,Maria Ferreira,1977-03-31
1548,Luiz Henrique Nascimento,1962-04-22
1549,Samuel Peixoto,1998-08-09
1550,Marina Almeida,1993-08-22
1551,Sofia Cardoso,1980-10-04
1552,Marcela Vieira,1995-07-25
1553,Caroline Jesus,2002-07-01
1554,Rebeca Souza,2000-04-24
1555,Letícia Costa,1986-01-12
1556,Dr. Bryan das Neves,1977-06-28
1557,Sra. Júlia Martins,1997-03-29
1558,Sabrina Fernandes,1974-04-09
1559,Raul Farias,1976-09-24
1560,Catarina Duarte,2001-09-10
1561,Ana Carolina Gomes,2001-03-03
1562,Marcos Vinicius Oliveira,1977-08-03
1563,João Guilherme da Mota,1981-12-28
1564,Dr. Ryan Martins,1985-12-11
1565,Samuel Fogaça,1965-07-06
1566,Miguel Monteiro,2001-02-21
1567,Gabrielly Silveira,1992-07-18
1568,Maria Alice Ribeiro,1964-07-15
1569,Raul Azevedo,1969-12-02
1570,Juan Moura,1975-10-17
1571,Luiz Fernando Almeida,1967-04-01
1572,Pedro Lucas Castro,1978-03-07
1573,Srta. Maria Clara Duarte,1988-10-31
1574,Pedro Henrique Freitas,1965-12-12
1575,João Felipe Pereira,1989-08-02
1576,Srta. Alana Alves,1988-03-17
1577,Maria Sophia Carvalho,1970-11-14
1578,João Guilherme Monteiro,
1579,Maria Cecília da Rosa,1969-08-11
1580,Maria Fernanda Castro,1970-06-18
1581,Ana Júlia Ramos,1982-08-07
1582,Gabrielly Monteiro,1999-02-07
1583,Isabella Azevedo,1962-03-21
1584,Dr. Fernando Fogaça,1992-09-02
1585,Valentina Aragão,1995-12-10
1586,Laura Aragão,1968-09-26
1587,Kevin Melo,1992-02-17
1588,Isabelly Mendes,1974-08-13
1589,Srta. Maria Luiza Campos,1968-05-26
1590,Natália da Conceição,1963-03-03
1591,Paulo Freitas,1980-05-02
1592,Dr. Noah Cavalcanti,1964-08-04
1593,Diego Sales,1975-08-29
1594,Eduardo Campos,1975-09-25
1595,Marina Teixeira,1974-03-24
1596,Yuri Caldeira,1982-12-20
1597,Dr. Antônio Ramos,1980-02-05
1598,Srta. Catarina Ferreira,1988-10-07
1599,Ana Laura Barbosa,1983-05-28
1600,Thiago Peixoto,1992-03-19
1601,Isis Rodrigues,1972-04-01
1602,Erick Pereira,2002-06-21
1603,Isaac Pereira,1978-06-21
1604,Luiz Henrique Carvalho,2002-07-26
1605,Marcos Vinicius Souza,1975-05-09
1606,Lorenzo Alves,1985-02-25
1607,Lucas Gabriel Carvalho,1988-06-03
1608,Ana Moraes,1974-09-23
1609,Maria Alice Silveira,1963-01-07
1610,Sr. Rafael Martins,1995-07-22
1611,Cauê da Luz,1962-12-15
1612,Ana Clara Gomes,1983-07-20
1613,Elisa Viana,2002-01-18
1614,Vitor Jesus,2003-02-21
1615,Maria Julia Gomes,1997-05-02
1616,Sarah Dias,1962-11-26
1617,Ana Clara da Cruz,1978-01-04
1618,Eduardo Santos,1988-01-09
1619,Marcos Vinicius Dias,1975-07-10
1620,Gabrielly Nascimento,1984-05-11
1621,Alícia Alves,1975-08-18
1622,João da Rosa,1985-08-02
1623,Juan Araújo,1965-04-02
1624,Sarah Fernandes,1971-06-10
1625,Ana Vitória Cardoso,1992-10-02
1626,Ian Aragão,1977-06-27
1627,Ryan da Rocha,1996-09-29
1628,Sra. Pietra Nascimento,1975-11-07
1629,Luiz Felipe Nunes,1965-08-20
1630,Ana Vitória Lopes,1990-09-14
1631,Vitor Gabriel Cunha,1968-10-29
1632,Elisa Martins,1988-10-21
1633,Enzo Gabriel Teixeira,1963-06-09
1634,Lívia Rodrigues,1977-11-28
1635,Bruna Novaes,1988-09-19
1636,Isabel da Rocha,1960-05-19
1637,João Lucas Lima,1973-11-30
1638,Letícia Alves,1972-10-21
1639,Julia Viana,1999-07-13
1640,Emanuella Duarte,1993-07-09
1641,Srta. Maria Luiza Barros,1986-08-21
1642,Carolina Cardoso,1960-10-23
1643,Ana Vitória Duarte,1973-08-23
1644,Dr. Augusto Dias,1980-09-08
1645,Ian Costela,1992-11-23
1646,Dr. Renan Mendes,1988-03-20
1647,Nathan Duarte,1995-09-05
1648,Sr. Danilo Correia,1977-10-31
1649,Luiz Felipe Barros,1992-01-02
1650,Julia Duarte,1977-10-03
1651,Enzo Campos,1969-03-28
1652,Gustavo Henrique Nogueira,2003-09-17
1653,Maria Sophia Viana,1985-08-13
1654,Dra. Sarah Novaes,1960-01-01
1655,Fernando da Luz,1988-10-20
1656,Maria Cecília Azevedo,1982-03-01
1657,Larissa da Rosa,1968-03-13
1658,Antônio Lopes,1985-10-21
1659,Brenda Nascimento,1977-06-21
1660,Kamilly Lopes,1998-12-10
1661,Rafaela Oliveira,1967-03-23
1662,Evelyn Rodrigues,1965-04-03
1663,Ana Lívia Almeida,1968-11-14
1664,Dra. Giovanna Monteiro,2000-07-30
1665,Daniel Araújo,1986-07-12
1666,Mirella Campos,1974-06-30
1667,Sr. Enzo Cavalcanti,1993-11-05
1668,Bryan Costa,1962-08-06
1669,Vitor Gabriel Silveira,1989-01-20
1670,Sarah da Paz,1965-07-26
1671,Marcelo Caldeira,1960-03-15
1672,Sr. Enzo Gabriel Souza,1983-11-04
1673,Maria Dias,1983-11-28
1674,Marina Nogueira,1982-04-26
1675,Pietro Lopes,1987-03-09
1676,Pietra Cunha,1967-10-10
1677,Ana Beatriz Souza,1971-12-26
1678,Juan Pinto,1961-03-20
1679,Sr. Thales da Mota,1964-08-26
1680,Marcos Vinicius Moraes,1991-08-23
1681,Sr. Vitor Hugo Rezende,1965-03-21
1682,Valentina Moraes,1993-05-19
1683,Alana Azevedo,1984-03-12
1684,Augusto Oliveira,1997-02-25
1685,Emilly Duarte,1965-10-09
1686,Bernardo Ferreira,1963-03-27
1687,Luiz Henrique da Costa,1962-08-05
1688,Maitê Oliveira,1962-12-17
1689,Sr. Kaique Novaes,1960-06-26
1690,Thomas Vieira,1995-08-31
1691,Danilo da Cunha,1978-10-25
1692,Lucas Aragão,2000-09-20
1693,Srta. Júlia Barros,1982-09-12
1694,Ana Vitória Gomes,1972-12-23
1695,Kevin Oliveira,1966-11-04
1696,Maitê Novaes,1965-04-03
1697,Lucas Gabriel da Conceição,2002-12-18
1698,Augusto Freitas,1990-06-15
1699,Srta. Mirella da Cunha,1962-09-20
1700,Maria Julia Nunes,1974-06-07
1701,Fernanda da Rosa,1961-11-23
1702,Gabrielly Cavalcanti,1974-08-28
1703,Evelyn Fogaça,1998-11-26
1704,Dra. Yasmin Porto,2000-11-01
1705,Raul Cardoso,1962-12-27
1706,Marcelo Melo,1971-08-19
1707,Sra. Clara da Rosa,1962-12-19
1708,João Lucas Vieira,1997-08-27
1709,Olivia Alves,1970-11-14
1710,Nicolas Viana,1986-04-04
1711,Srta. Alícia Jesus,1965-03-26
1712,Evelyn Caldeira,1982-08-06
1713,Igor Nogueira,1962-12-28
1714,Ana Lívia Ribeiro,1996-01-28
1715,Julia Viana,1981-04-26
1716,Daniela Sales,1992-05-25
1717,Vicente Martins,1964-08-09
1718,Laura da Cruz,1988-09-16
1719,Rafael da Conceição,1966-07-27
1720,Rebeca Cunha,1971-09-13
1721,Francisco da Rocha,1969-07-09
1722,Isabella das Neves,1994-04-17
1723,Raquel Nunes,1994-09-30
1724,Sra. Maysa Cardoso,1981-11-16
1725,Dra. Heloísa Cavalcanti,1995-09-20
1726,Maria Eduarda Monteiro,1963-02-14
1727,Emanuel Azevedo,2003-03-18
1728,Luiz Felipe Teixeira,1976-03-18
1729,Cauã da Rocha,1987-03-25
1730,Maria Clara Cavalcanti,1997-11-04
1731,Pedro Lucas Pinto,2000-05-16
1732,,1985-06-28
1733,João Miguel Carvalho,1997-03-24
1734,Srta. Sarah da Rosa,1973-08-02
1735,Gustavo Henrique Castro,1967-07-20
1736,Luiz Miguel Costela,1971-07-22
1737,Daniela Duarte,1963-11-12
1738,Maria Cecília Monteiro,1978-07-18
1739,Sr. Vicente Moraes,1991-05-10
1740,Nicole Viana,1999-02-18
1741,Kaique Cardoso,1972-03-28
1742,Sofia Gonçalves,1963-04-27
1743,Felipe Freitas,1979-03-26
1744,Cauã Castro,1983-05-13
1745,Raul da Mata,1963-10-15
1746,Maria Julia Silva,2000-12-19
1747,Enzo Gabriel Rodrigues,1987-07-25
1748,Marcela Santos,2000-07-31
1749,Juliana Porto,1968-01-20
1750,Bryan Alves,1986-08-28
1751,Pietro Sales,1979-09-24
1752,Maria Clara Melo,1996-10-11
1753,Vitor Hugo Lopes,1981-11-13
1754,Samuel Caldeira,1998-03-19
1755,Caroline Nogueira,2002-08-19
1756,Ana Julia Silva,1976-09-23
1757,Pedro Henrique da Mata,1969-09-17
1758,Sr. Arthur Aragão,1974-06-22
1759,Sr. Luiz Gustavo Rezende,1987-03-23
1760,Henrique da Mota,1981-09-15
1761,Dr. Pedro Miguel Melo,1966-11-21
1762,Laís Silveira,1997-06-17
1763,Sr. Benjamin Nascimento,1964-03-15
1764,Emanuella Campos,1961-02-28
1765,Isabella Correia,1978-12-04
1766,Lucas Cavalcanti,1998-05-18
1767,Theo Moraes,1991-04-21
1768,Ana Laura da Rocha,1972-07-08
1769,Lucas Souza,1962-09-20
1770,Srta. Ana Castro,1989-05-16
1771,Sophie Silva,1966-03-26
1772,Pedro Lucas Silveira,1983-05-21
1773,Nina Moura,1986-09-03
1774,Dra. Maria Cecília Pires,1964-01-10
1775,Matheus Lima,1992-04-14
1776,Valentina Mendes,1967-04-23
1777,Davi Pires,1966-01-22
1778,Luiz Otávio Caldeira,1985-01-15
1779,Laís Viana,1973-12-03
1780,Dra. Maria Cardoso,1990-04-27
1781,Daniela Souza,1979-02-04
1782,Calebe Silva,1981-01-31
1783,Nathan Martins,2001-07-14
1784,Luiz Otávio da Rocha,2000-03-27
1785,Nina Fernandes,1996-10-18
1786,Srta. Maria Vitória Ramos,1976-11-17
1787,Mariane Alves,1975-09-19
1788,Beatriz Sales,1971-09-04
1789,Dra. Cecília Teixeira,1982-03-10
1790,Vicente Porto,1988-03-13
1791,Sr. Bryan Dias,2000-02-14
1792,Julia Caldeira,1999-03-29
1793,Bianca da Mata,1960-08-24
1794,Luiza Duarte,1973-11-09
1795,Ana Julia Jesus,1972-01-04
1796,Samuel da Cruz,1972-01-13
1797,Bianca da Rocha,1997-01-01
1798,Sr. Raul Almeida,1981-06-15
1799,Mariana Cavalcanti,1979-01-06
1800,Davi Lucas da Conceição,1981-08-16
1801,Diego Caldeira,1999-03-21
1802,Sr. Marcelo Rodrigues,1966-02-02
1803,Marina da Rocha,1999-12-11
1804,Dra. Pietra Pires,1969-04-02
1805,Erick Nascimento,1971-03-16
1806,Helena Silva,1977-04-03
1807,Kaique Melo,1962-10-19
1808,Murilo Azevedo,2001-03-21
1809,Nicolas Rocha,1990-09-13
1810,Dr. Breno Pinto,1987-04-26
1811,Davi Lucas Silveira,1969-03-28
1812,Ana Sophia Moreira,1971-08-23
1813,Beatriz Silva,1998-09-20
1814,Joana Aragão,1963-04-20
1815,Dr. Francisco Moraes,1973-03-10
1816,Lucas Oliveira,1965-11-04
1817,Luiza da Paz,1988-05-26
1818,Davi Lucca Pires,1997-03-16
1819,Maria Sophia Araújo,1994-08-11
1820,Dr. Carlos Eduardo Moura,1996-07-24
1821,Cauê da Cunha,1995-05-29
1822,Diego Novaes,1964-11-30
1823,Benjamin Jesus,1983-02-01
1824,Isaac da Cruz,1999-01-25
1825,Eduardo da Mata,1982-01-15
1826,Breno Castro,1979-07-23
1827,João Gabriel Costa,1967-04-28
1828,Melissa Ramos,1970-12-05
1829,Thomas da Luz,1972-10-21
1830,Vinicius Lopes,1960-05-23
1831,Luana Pires,1980-02-08
1832,Joaquim Campos,1998-07-29
1833,Sra. Alana Nascimento,1978-08-15
1834,Manuela Duarte,1989-05-11
1835,Pedro Henrique Porto,1976-07-01
1836,Srta. Stephany Moura,1982-05-19
1837,Daniel das Neves,1993-11-05
1838,Ana Júlia Rezende,1992-08-08
1839,Luiz Henrique Araújo,1989-11-12
1840,Ana Clara Mendes,2000-08-09
1841,Joaquim da Mota,1986-03-31
1842,Guilherme da Mota,1982-03-15
1843,Maria Alice da Rocha,1968-09-02
1844,Henrique da Conceição,1974-04-30
1845,Lívia Rezende,1982-12-04
1846,Beatriz da Mata,1970-07-28
1847,Levi Moura,1997-07-25
1848,Ana Carolina Moreira,1998-07-22
1849,Dra. Agatha Cardoso,1988-03-29
1850,Srta. Júlia Nunes,1965-10-13
1851,Luiza Azevedo,1963-05-25
1852,Benjamin Pinto,1991-05-08
1853,Bianca Novaes,2003-10-31
1854,Miguel Campos,1996-04-28
1855,Sr. Bruno Duarte,1964-09-25
1856,Isadora da Costa,1996-10-13
1857,Isabelly Silva,1969-10-01
1858,Luiz Otávio Gomes,1985-12-25
1859,Kamilly da Luz,1976-06-13
1860,Davi Lucas Correia,1997-12-10
1861,Maysa da Rosa,1984-03-30
1862,Daniel Rezende,1977-11-12
1863,Enzo Gabriel Porto,1978-02-10
1864,Ana Clara Costela,1998-02-16
1865,Maria Cecília Teixeira,1991-11-20
1866,Davi Lucca Silva,1991-03-31
1867,Davi Almeida,1998-12-27
1868,Marcela Oliveira,1977-09-22
1869,Milena da Luz,1973-10-27
1870,Carlos Eduardo Lopes,1963-07-29
1871,Pedro Miguel Sales,1979-08-29
1872,Vitor Gabriel da Cunha,1961-12-22
1873,Lorena Almeida,1962-11-08
1874,Isadora Aragão,1961-01-22
1875,Isabel Carvalho,1993-10-20
1876,Luiza Gomes,1979-10-10
1877,Melissa Aragão,1964-07-18
1878,Alice Barros,1965-02-13
1879,Theo Costela,1984-09-20
1880,Francisco Novaes,1975-05-06
1881,Bryan Castro,2003-10-17
1882,Bernardo Viana,1996-12-19
1883,Rafael Vieira,1980-01-10
1884,Dra. Maria Clara da Mota,1999-02-17
1885,Sabrina Freitas,1970-02-17
1886,Luiz Fernando da Conceição,1988-04-16
1887,Gabriel Nunes,1963-09-20
1888,Evelyn Nascimento,1981-03-27
1889,Helena Monteiro,1997-09-20
1890,Dr. Thales Fogaça,1997-08-30
1891,João Pedro Fernandes,1975-10-26
1892,Gabriela da Conceição,1996-03-31
1893,Francisco da Mota,1962-04-23
1894,Emilly Almeida,1966-01-31
1895,Breno Moreira,1973-09-04
1896,Sr. Vicente Santos,1985-11-20
1897,Laura da Paz,1960-03-03
1898,Luigi Jesus,1974-02-27
1899,Nicole Farias,1991-09-13
1900,Nathan Gomes,1974-11-25
1901,Danilo Rezende,1976-07-29
1902,Sr. Henrique Araújo,1977-03-23
1903,Marcela da Rosa,1974-03-17
1904,Sofia Novaes,1992-12-11
1905,Pedro Lucas Aragão,1971-05-30
1906,Ana Duarte,1995-06-23
1907,Vitor Ribeiro,1970-11-28
1908,Isadora Araújo,1977-02-07
1909,Anthony Peixoto,1991-03-12
1910,Guilherme Pires,1995-02-19
1911,Bernardo da Rosa,1995-09-19
1912,Sr. Luigi Jesus,1975-05-18
1913,Antônio Oliveira,1978-07-14
1914,Sarah Mendes,2000-02-25
1915,Sra. Lorena da Cunha,1960-05-20
1916,Elisa Ribeiro,1969-05-16
1917,Isis Barros,1975-01-29
1918,Maria Castro,1969-09-07
1919,Thiago Nascimento,1963-07-29
1920,Rodrigo Pinto,1981-12-31
1921,Anthony Rodrigues,1970-09-01
1922,Dra. Gabrielly da Rosa,1999-11-27
1923,Alana Mendes,1975-09-26
1924,Nathan da Paz,1970-04-05
1925,Giovanna Costela,1961-04-08
1926,Gustavo da Costa,1963-03-20
1927,Nathan Moreira,1990-07-12
1928,Larissa da Costa,1995-04-09
1929,Heloísa Ramos,1966-06-04
1930,Sr. Luiz Otávio Rocha,1997-10-15
1931,Caio Monteiro,2003-03-10
1932,Cauê Rezende,1971-06-21
1933,Ana Vitória Porto,1983-12-09
1934,Leandro Moura,1994-01-26
1935,Gustavo Almeida,1961-05-03
1936,Nina Lima,1967-11-15
1937,Pedro da Paz,1975-09-03
1938,Dra. Olivia da Rocha,1984-06-12
1939,Alícia Fernandes,1989-10-13
1940,Kevin Gonçalves,1977-05-29
1941,Luiz Gustavo Viana,1988-07-03
1942,Yago Moreira,1998-03-01
1943,Laís da Cunha,1978-05-16
1944,Lucca Cardoso,1972-01-26
1945,Sr. Cauã Freitas,1998-12-24
1946,Emanuella Jesus,1981-01-31
1947,Anthony Cavalcanti,1970-09-20
1948,Henrique Costela,1990-06-08
1949,Heloísa Moraes,
1950,Luiza Araújo,1996-01-27
1951,Thales Sales,1999-10-24
1952,Maria Luiza Cardoso,1976-02-17
1953,Sra. Ana Júlia Carvalho,1973-07-15
1954,Lara da Costa,1986-03-09
1955,Sabrina Sales,2000-06-10
1956,Heloísa Almeida,1981-06-06
1957,Luigi Martins,1975-10-23
1958,João Lucas Santos,1966-10-24
1959,Dr. Lorenzo Almeida,2000-03-08
1960,Davi Lucca Almeida,1971-10-12
1961,Luigi Lopes,1974-05-10
1962,Alícia Novaes,2003-05-07
1963,Maria Sophia Rezende,1973-08-01
1964,Ana Clara Melo,1966-10-16
1965,Stella Souza,1968-07-19
1966,Heloísa Souza,1967-10-01
1967,Caroline da Cruz,1977-03-27
1968,Enzo da Conceição,2001-04-06
1969,Miguel da Conceição,1967-04-18
1970,Ana Carolina Gonçalves,1983-06-16
1971,Raquel da Paz,1984-07-26
1972,Theo Santos,1967-02-25
1973,Ana Laura Novaes,1960-08-22
1974,Augusto Nogueira,1969-01-06
1975,Vitor Cavalcanti,1966-10-16
1976,Sabrina Moura,1967-03-30
1977,Isabel Azevedo,2001-10-06
1978,Joaquim Fogaça,1986-01-29
1979,Bárbara Duarte,1979-02-02
1980,Sra. Lara Carvalho,1971-07-15
1981,Bernardo Martins,1964-03-22
1982,Srta. Fernanda Correia,1980-02-16
1983,Dr. Pedro Lucas Campos,1971-05-24
1984,Vitor Hugo da Paz,2000-09-19
1985,Bianca Correia,1997-07-05
1986,Gabriela Nunes,2000-10-18
1987,Dr. André da Paz,1991-01-23
1988,Rafaela Araújo,2000-10-28
1989,Thiago Pinto,1993-02-10
1990,Eduarda Nogueira,1984-05-18
1991,Mirella Moraes,1983-03-11
1992,Dr. Miguel Viana,1963-07-27
1993,Gabrielly da Mota,1976-08-10
1994,Clara Nascimento,2002-02-05
1995,Heitor Pires,1981-06-30
1996,Dra. Amanda Rezende,1975-02-10
1997,Augusto Jesus,1960-04-27
1998,Davi Luiz Martins,1968-02-27
1999,Ryan Castro,1977-04-10
2000,Cecília Cunha,1962-10-06
